subject,sessionIndex,rep,H.period,DD.period.t,UD.period.t,H.t,DD.t.i,UD.t.i,H.i,DD.i.e,UD.i.e,H.e,DD.e.five,UD.e.five,H.five,DD.five.Shift.r,UD.five.Shift.r,H.Shift.r,DD.Shift.r.o,UD.Shift.r.o,H.o,DD.o.a,UD.o.a,H.a,DD.a.n,UD.a.n,H.n,DD.n.l,UD.n.l,H.l,DD.l.Return,UD.l.Return,H.Return
s060,1,0,0.09966874122619629,0.5516538619995117,0.45198512077331543,0.10015749931335449,0.15082240104675293,0.05066490173339844,0.10047221183776855,0.20203948020935059,0.10156726837158203,0.10413217544555664,1.6371846199035645,1.5330524444580078,0.08796095848083496,0.6214828491210938,0.5335218906402588,0.4323132038116455,1.0404629707336426,0.6081497669219971,0.10628771781921387,0.7144374847412109,0.1302804946899414,0.08837580680847168,0.12959718704223633,0.04122138023376465,0.1086874008178711,0.5251736640930176,0.4164862632751465,0.13507342338562012
s060,1,0,0.6954915523529053,0.5604181289672852,0.09006071090698242,2.7618699073791504,2.671809196472168,0.12017536163330078,0.38521337509155273,0.26503801345825195,0.09073758125305176,0.11023211479187012,0.01949453353881836,0.08453655242919922,0.18654823303222656,0.10201168060302734,0.10306000709533691,1.5024287700653076,1.3993687629699707,0.08426618576049805,0.5369489192962646,0.4526827335357666,0.19786882400512695,0.7053568363189697,0.5074880123138428,0.1045687198638916,0.11258435249328613,0.008015632629394531,0.08196282386779785,0.1104435920715332,0.02848076820373535,0.09533953666687012,0.6868715286254883,0.5915319919586182,0.08954429626464844
s060,1,0,0.31969499588012695,0.23015069961547852,0.09154772758483887,1.2539596557617188,1.1624119281768799,0.14026641845703125,0.7271971702575684,0.5869307518005371,0.10383391380310059,0.6907646656036377,0.11083221435546875,0.08139204978942871,0.25068044662475586,0.16928839683532715,0.12850546836853027,1.9117095470428467,1.7832040786743164,0.09086036682128906,1.8732895851135254,1.7824292182922363,0.7245609760284424,1.2552063465118408,0.5306453704833984,0.12696194648742676,0.1479473114013672,0.02098536491394043,0.11312103271484375,0.15359807014465332,0.04047703742980957,0.0950632095336914,0.46967458724975586,0.37461137771606445,0.07624626159667969
