,subject,sessionIndex,rep,H.period,DD.period.t,UD.period.t,H.t,DD.t.i,UD.t.i,H.i,DD.i.e,UD.i.e,H.e,DD.e.five,UD.e.five,H.five,DD.five.Shift.r,UD.five.Shift.r,H.Shift.r,DD.Shift.r.o,UD.Shift.r.o,H.o,DD.o.a,UD.o.a,H.a,DD.a.n,UD.a.n,H.n,DD.n.l,UD.n.l,H.l,DD.l.Return,UD.l.Return,H.Return
1.0,1.0,0.0,0.08331155776977539,0.5461821556091309,0.46287059783935547,0.11867737770080566,0.5901234149932861,0.47144603729248047,0.13695907592773438,0.8540897369384766,0.7171306610107422,0.13691353797912598,0.6125457286834717,0.4756321907043457,0.13211321830749512,0.4006540775299072,0.2685408592224121,0.14405393600463867,1.6777267456054688,1.53367280960083,0.11946392059326172,0.18806910514831543,0.06860518455505371,0.16904616355895996,0.2655360698699951,0.09648990631103516,0.1257038116455078,0.39461278915405273,0.2689089775085449,0.12210702896118164,0.6392629146575928,0.5171558856964111,0.09795784950256348
